run_count,DQN-500-100 - Reward,SARSA-500-300 - Reward,SARSA-500-200 - Reward
0,-0.222317433416636,-0.264332112786643,-0.371401948885029
1,-0.149613851108242,-0.061798696502165,-0.200986185141614
2,-0.093256238366946,0.015776887411455,-0.228930408353556
3,-0.25549447890688,-0.261729808427919,-0.1464901072906
4,-0.195863164342286,0.042106605319041,-0.257217580604345
5,-0.199764557887951,-0.034625541169719,-0.279481060122693
6,0.011481622041883,-0.162466087247197,-0.15910746588908
7,-0.13810596532277,-0.084682856604875,-0.392344200576323
8,-0.26280653802018,0.027933962604433,-0.146326395031144
9,-0.139207247522893,-0.009727621747938,-0.148987177145827
10,-0.085450547873861,-0.152807667231313,-0.222191630510276
11,-0.238460630509827,-0.001892462778274,-0.259289694137976
12,-0.176579199281932,-0.197133885457449,-0.288178300823914
13,-0.348014881631299,-0.199191068545558,-0.121065659681629
14,-0.162113488029773,-0.26391985587933,-0.274547311446381
15,-0.01294759026309,-0.154293021155431,-0.210176457538881
16,-0.046195786382343,-0.063903872596594,-0.206809168835257
17,-0.132171540492607,-0.089425007926056,-0.362610597963598
18,-0.186674562724777,-0.059882900935821,-0.259796750201075
19,-0.072369652170959,-0.252466345960076,-0.129499637450033
20,-0.104151128984389,-0.070236486284032,-0.199134749677626
21,-0.05189114394702,-0.166811987137629,-0.248570807853686
22,0.007027223592645,-0.261921653013198,-0.234300349513867
23,-0.015765982561701,-0.181344875266839,-0.202574717939264
24,-0.170330424406146,-0.291057976059801,-0.232660565670996
25,-0.036381231531264,-0.133618221453255,-0.159354952710103
26,-0.11411032295289,-0.295078942171273,-0.218251496345528
27,0.016784909873818,-0.26074463182952,-0.150920487449282
28,-0.082779494251579,-0.270150099517585,-0.09342982686747
29,-0.175878741307048,-0.265726311170005,-0.132774277574782
30,-0.033538161138931,-0.016388172380558,-0.236834173287504
31,-0.00848010950665,0.081577950606979,-0.099131829628253
32,-0.209131899864217,-0.250389179681181,-0.21580332808136
33,-0.060401502137347,-0.130955896171683,-0.196584438569081
34,-0.239900324299663,-0.24705419731692,-0.083718832863246
35,-0.04235702986608,-0.210443186911022,-0.14467200788876
36,-0.011580144767765,-0.003474122170825,-0.298211920557857
37,-0.156121260260527,-0.02155041129919,-0.245879444254311
38,-0.211770998649295,-0.288162883750829,-0.2998442068498
39,-0.230864827110851,0.07636961775807,-0.016935707641053
40,-0.1524305236098,-0.241904022047258,-0.158502439958675
41,-0.208880513125733,-0.16375195736739,-0.091738715784391
42,-0.170256300441879,-0.246712546831912,-0.183682240803719
43,-0.047074545100198,-0.192921008958303,-0.116062891395732
44,-0.08199530485423,0.047129104377056,-0.010904845541265
45,-0.294913638458431,0.004766039286465,-0.130224842373859
46,-0.22363904382918,-0.29965237500809,-0.034086799264143
47,-0.105760193459255,0.003600426022147,-0.120350831080967
48,-0.229795346075131,-0.001034426529926,-0.1826292105154
49,-0.072103916468267,-0.071831800517537,-0.057445583534533
50,-0.131706637878112,-0.220000388831165,-0.201689556964526
51,-0.05701741311409,-0.29675989565523,0.037960905572729
52,-0.265997177044812,-0.246538179711988,-0.203294556563951
53,-0.130833634553437,0.026907966114788,-0.07402850991754
54,-0.099326979254206,0.070873487837024,-0.136221414464195
55,-0.126847823788892,-0.267433693468564,-0.139935359436743
56,-0.152519800893667,-0.055759813009158,-0.110748293932643
57,-0.357516518391299,0.021596840745521,-0.239845364967131
58,-0.132577156196565,-0.194746660434555,-0.06417685048594
59,-0.153793169019155,-0.105172941652584,0.041055617823691
60,-0.107800699171448,-0.239858100286891,-0.182444143441774
61,-0.126324763580646,0.063775058432981,-0.1274519833513
62,-0.226969100168533,-0.18084049617213,-0.124104556966943
63,-0.161317988635818,0.065439792513045,-0.114458712394988
64,-0.260130247572896,0.070085630938139,-0.175157879903065
65,-0.135855507099094,0.085302007778406,-0.089318790989059
66,0.032464717982711,0.040914726401399,-0.104393494002236
67,-0.206073704338848,-0.006542798241625,-0.131045379791997
68,-0.286099822396427,-0.066778574085084,-0.095239720294413
69,-0.139811290877722,-0.032080966849512,-0.15621424818248
70,-0.104483682359657,0.047905834813909,-0.157681371574906
71,-0.172075540128539,-0.048605951444964,0.045067976239953
72,-0.158595639575485,-0.016053892053155,-0.116361161398756
73,-0.010546803885522,0.065901043701706,-0.162571001990255
74,0.069938123252327,-0.008188509316054,-0.020185807886356
75,-0.16579970160762,-0.066150631228719,-0.102168878327331
76,-0.09074452916429,-0.119898602900179,-0.171925977084111
77,-0.189295276404054,-0.141857216726467,-0.060068248084245
78,-0.111083145035425,-0.144457602093504,-0.063931073601184
79,-0.170922246973273,-0.164256652658482,-0.157108813570457
80,-0.107774809886252,-0.246971427389758,-0.034472526805846
81,-0.167940928731672,-0.069497260874783,-0.033848299263134
82,0.029082609034366,-0.027592618738586,-0.200829331385658
83,-0.23654242655444,-0.288359990774055,-0.067476069934562
84,-0.104621931945702,-0.228546005339726,0.027289924677231
85,-0.045970596042761,-0.289873620399727,-0.122807398662605
86,-0.088234542887473,-0.1487041679105,-0.17021052816858
87,-0.092954095116425,-0.148733442723312,-0.114073533831026
88,-0.046934618239189,-0.185836113463639,-0.120941758517503
89,-0.071154209915052,-0.245447709193312,-0.188329692075581
90,-0.139100386298354,-0.150649464880466,-0.048993038756453
91,-0.157138472664084,-0.051483414501506,-0.127965218718803
92,-0.137881288036252,-0.328510985855065,-0.092040264976255
93,-0.196931652715718,-0.139455550452184,0.061153169956208
94,-0.137459658949824,-0.022324679655796,-0.1292442941955
95,-0.259606104629463,-0.20711170636146,-0.160045351370411
96,-0.208519809680973,-0.159232768422092,-0.120728523410706
97,-0.140583811673044,-0.272654380987014,-0.094732064110001
98,-0.022126000552427,-0.163311819639448,-0.144113702152671
99,-0.100558543253819,-0.175934972570737,-0.059619878528119
100,-0.024995994400418,-0.073752626188303,-0.207611362269949
101,0.042839259131894,-0.063290801603622,-0.032502105092916
102,-0.054816417898332,-0.050919558124403,-0.0385333832928
103,-0.121537259796529,-0.030041839500888,-0.102865401662621
104,-0.203573921233827,-0.076581314571876,-0.06302695679071
105,-0.177059588532705,-0.2506865140652,-0.008616411889203
106,-0.208966761630874,-0.053009794919108,-0.042423814521641
107,-0.016058037750455,-0.23473307357953,0.007069822688173
108,-0.1467833945836,-0.203718085264643,-0.205427098111221
109,-0.041264435427391,-0.18161442302558,-0.038469194273757
110,-0.083039715773603,-0.229883864953024,-0.048912003592289
111,-0.200241234675519,-0.214885324682173,-0.274224098568449
112,-0.084173289469116,-0.171733274100198,-0.001132954348529
113,-0.174857556954194,-0.044818848978931,-0.101401615544167
114,-0.053881070170355,-0.136059662675507,-0.057306500224616
115,-0.101776016332117,-0.098137966375193,-0.09120162178463
116,-0.100125622889865,-0.160364683896642,-0.110745721755223
117,-0.08737645034573,-0.117486075823832,-0.102689809388416
118,-0.114379553955256,-0.223544946866276,-0.295777143379303
119,-0.004457035893624,-0.263531685154566,-0.087439776231304
120,-0.059479051759953,-0.200336159459982,-0.302265471609384
121,-0.052069380670484,-0.180685265226963,-0.212678430008016
122,-0.113594591892555,-0.135458627147591,-0.173798219462159
123,-0.161999054480761,-0.229770040155232,-0.048701045422798
124,-0.242210067014902,-0.175426531440992,-0.106919532485576
125,-0.110345958188525,-0.083618041798541,-0.118019558643538
126,-0.131785929504672,-0.077582033821998,-0.035038144746
127,-0.202651510137694,-0.279483025276061,-0.004096014464039
128,-0.209593447840007,-0.129455630170767,-0.00606648783402
129,-0.159414753022774,-0.132039899232131,-0.047077476383261
130,-0.210023684779699,-0.066132535173233,-0.036934881608621
131,-0.037312459526027,-0.252716501216009,0.028467691089024
132,-0.166386429415974,-0.248039103235739,-0.051971793602964
133,-0.17233744645477,-0.252054159593026,-0.099698004592577
134,-0.124688485057225,-0.273554567029799,0.025027348042216
135,-0.129249597678707,-0.261728497393895,-0.07302064225021
136,-0.109248759964954,-0.206732049927672,-0.00126279626743
137,-0.066850377470153,-0.236647356830832,-0.180047244051519
138,-0.150875648306905,-0.20443240844312,0.032411847285657
139,-0.228786925126706,-0.220422383468639,0.009933295253824
140,-0.077007826157079,-0.181875632827853,0.056991872590056
141,0.029480794699336,-0.115555158616391,0.018482034624526
142,-0.224345175572953,-0.262444487474029,0.031498120926583
143,0.010443495305072,-0.208237263225267,-0.012139731251106
144,-0.105137633343553,-0.275363238028486,-0.068658897940583
145,-0.092738111713042,-0.245006003575625,-0.003344468363503
146,-0.088525975626389,-0.158595773291127,-0.068075520021322
147,-0.205554719723198,-0.144418030479296,-0.126110981249189
148,-0.250428884896905,-0.109034771864476,-0.100506626683998
149,-0.19356617124758,-0.190954282848706,-0.051314633935479
150,-0.182217535535384,-0.334550459100444,-0.123625546442672
151,-0.18701037633121,-0.262931117422351,-0.072322005712681
152,-0.100716923784585,-0.345146169142214,-0.040407369714214
153,-0.188231997306022,0.013581949144024,-0.080598786896805
154,-0.094496716233402,-0.153894149401321,-0.047891059472402
155,-0.12057917297095,-0.337873246290655,-0.044835678597568
156,-0.120654736512657,-0.348628682164753,-0.021011534204889
157,-0.196361172907102,-0.205313595511754,-0.132614562733287
158,-0.065660043302786,-0.045113754856889,-0.021365125191196
159,-0.214390260272901,-0.316790946282517,0.066199636607621
160,-0.140042525164697,0.020272440341999,-0.141009950664237
161,-0.214452669587214,-0.063103355670075,0.018957722112774
162,-0.066519298968371,-0.007436288786365,0.039036149936826
163,-0.021206577629135,-0.124794226463997,0.017192354684781
164,-0.144841180214883,0.025158402446023,-0.054245219854606
165,0.00547764035487,0.085689983984348,-0.062973600198703
166,-0.065128450580704,0.03730815949575,-0.238924495183856
167,-0.241034177480467,0.09388943587158,-0.161824226166978
168,-0.25929679280855,0.065552175617702,-0.032098673273462
169,-0.095814281376097,0.112480315640302,-0.038383828083764
170,-0.095746467036107,0.026760717207084,-0.140130661190227
171,-0.161834774232379,0.094727491633003,-0.054175317604085
172,-0.136564682699773,0.104670961990185,-0.07299873978292
173,-0.119008410139369,0.071392539056558,-0.110066804070556
174,-0.165514408143117,0.028888581704701,-0.067697702893753
175,-0.062157684126078,0.053853409927744,0.03203601270123
176,-0.255934227434977,-0.042357001930429,-0.00722979522931
177,-0.267462040816249,0.091264862306185,-0.139073531856222
178,-0.15910316978544,0.044284920525057,-0.002581043555191
179,-0.049073642321288,0.041761898742456,-0.061506358491212
180,-0.130776911071068,0.097142278028657,-0.088575113534875
181,-0.142698709720604,-0.01526127907676,-0.115724884036688
182,-0.173940632161419,0.101258651043433,-0.162202438510362
183,-0.127018687117642,0.060851764025426,-0.00962120296027
184,-0.212094793219985,0.002792847495838,-0.201490561210894
185,-0.120285146974314,0.053880904675185,-0.07336271885853
186,-0.145757231401573,0.072880604186243,-0.181839351146945
187,-0.043293327275821,0.033043490402418,-0.293662823945907
188,-0.065413170480566,0.056055473607264,-0.057067150087358
189,-0.251266364131591,-0.070799095835678,-0.180276723424231
190,-0.233968905843304,0.045959531941088,-0.233245516735952
191,-0.308526377006951,-0.013365816665777,-0.16996280933983
192,-0.182118158275856,0.052861959268541,-0.042848319753046
193,0.029910187649656,0.031216345344046,-0.210004543298152
194,-0.168448070125232,0.050715887000369,-0.171135222585738
195,-0.066880137854737,0.060928805465842,-0.122379165372428
196,-0.226663906484768,0.080382389735782,-0.074550914144867
197,-0.186096599228387,-0.009474810818871,-0.124281009947819
198,0.010085539054882,0.096173420532406,0.058915906633253
199,-0.224886473767079,0.026361838276743,-0.093793690253853
200,-0.166801051472593,0.00318091561035,-0.147440799486719
201,-0.105774647653271,0.054154669399922,0.031501035680116
202,-0.100456630225928,0.052690258262575,-0.095383935094011
203,-0.000974032284606,0.058041857369735,0.078006348522053
204,-0.144907349546238,0.016694832960183,-0.071104714314726
205,-0.191124201020514,0.039589592663974,0.012170087156814
206,-0.129275469134182,0.047756755318806,-0.060952129591987
207,-0.127937978057013,0.090263177673652,-0.08597815327613
208,-0.181935118684672,-0.121912101217349,0.003473544031049
209,-0.216888899368255,0.06159536227144,0.050728498393245
210,-0.120490445560128,0.103810263432139,-0.105495985010112
211,-0.147023869853871,-0.063743516056248,0.017191297056224
212,-0.16090289219237,0.010810830663564,0.042710939565322
213,-0.17132366145358,0.086126610447342,0.013603471452366
214,-0.206364071473271,0.080148719524671,0.008023909898122
215,-0.177686202070808,0.020227467465591,-0.091532981891235
216,-0.295616427865492,0.01219549669593,0.068200502550389
217,-0.285902987801765,-0.065373051370145,0.048420749070459
218,-0.162269839185188,0.089042399763653,-0.031656969447318
219,-0.125959483377729,0.068715432154081,0.012995834537502
220,-0.033410572667108,-0.117420759999307,0.048905370716512
221,-0.164166424310778,0.092506319840121,0.044768792258586
222,-0.042574100055893,0.071001463302927,0.063879618751092
223,-0.117807448540683,0.079042005891175,0.079034198370271
224,-0.141958116645926,0.086634721104159,0.105140032055467
225,-0.007774465988203,0.042954095664379,0.06516267356342
226,-0.1647025609784,-0.008383735726212,0.055336909205161
227,-0.115357407954203,0.034697710419694,0.120569462300083
228,-0.181798601069049,-0.049026775426117,-0.064563493206478
229,-0.16224963940449,0.05694641404989,0.003587350897957
230,-0.009410547653838,0.019516654268212,-0.086038791861667
231,0.010065352731327,0.054706520783304,-0.034649444932241
232,-0.110634326525801,0.102590745899146,0.035070252864965
233,-0.079616965027031,0.091330815119379,0.072412428316044
234,-0.11354751656539,0.102273236018232,0.069666172525145
235,-0.000105296594053,-0.029080439099674,0.024343938474368
236,-0.062614052239002,-0.068445457840616,0.086251530993776
237,-0.180795192440493,0.042307290336795,0.03751514995009
238,0.069241055525404,0.067414616804156,0.048258636446366
239,-0.239345408960739,0.031430045584845,0.101390337157711
240,-0.190865286610775,0.087724480408798,0.040222474631932
241,-0.17614254661392,0.101740270073163,0.008801448232045
242,-0.16392172790599,0.102815832099818,0.00394869831322
243,-0.157099113184754,0.03388186992308,0.104616124457015
244,-0.101404648361817,0.049579057674704,0.073755594103287
245,-0.192817579471537,0.074944860340092,0.044191305441308
246,-0.1202023697333,0.050623656735236,0.090829481557467
247,-0.272466640147039,-0.084096852022313,0.037805800315345
248,-0.045530602625787,-0.025216547301905,0.089786774582088
249,-0.056017190374584,0.079081979176487,0.091626349480627
250,-0.036406028887053,0.077844482529924,0.0982079990854
251,-0.232758113779214,0.091648916418454,0.009078265977415
252,-0.2945081138908,0.082126310435875,0.046156393857366
253,-0.075453158184691,0.047761673152674,0.060879249520791
254,-0.092202128818168,0.04688366279685,0.071830721596524
255,-0.182643148266063,0.072734681059754,0.065922541622887
256,-0.196564846717395,0.098427959460186,0.096026435753909
257,-0.065892324218039,0.094173704720373,0.051573889922221
258,-0.147939971599882,0.073611885616799,0.075628905475045
259,-0.162033687696161,0.096230307004984,0.100565961654063
260,-0.198828927795483,0.057589771771508,0.103267610517192
261,-0.306313226131257,0.072433246010728,0.055490945269337
262,-0.163341456625076,0.01647848526179,0.081604681132915
263,-0.189236076143343,0.041913094404441,0.048739551557703
264,-0.224752460958168,0.037813100945885,0.116724394499609
265,-0.183382410212117,0.099483497634347,0.120341708217775
266,-0.087287504394905,-0.100321837714651,0.11447780443886
267,-0.140802188088164,0.092086377866273,0.105481143671671
268,0.073980006902726,0.084236623303941,0.099262333545259
269,-0.080339728731986,0.013974043179312,0.105363301747456
270,-0.247036804009109,0.082650814795665,0.073751379244883
271,-0.242666161116441,0.029286485204668,0.108743248162774
272,-0.0667392147109,0.058152078633147,0.088694710070626
273,-0.236542956749762,0.059190540729426,0.091754853290394
274,-0.1299020213861,0.072218173084506,-0.015781202869926
275,-0.079953414514985,0.112561294776029,0.117701770976772
276,-0.042468987168968,0.081129616790447,0.099825740479139
277,-0.136491553932467,0.098350914760832,0.107931162951987
278,-0.102386177416524,0.103360752044375,0.092641704182414
279,-0.130240692636461,0.075855797175098,0.076108548492799
280,-0.087176104490945,0.071054409222256,0.075691438935221
281,-0.337717111011417,0.042592389404014,0.100832727164857
282,-0.098282149531991,-0.035171180321431,0.011267071697943
283,-0.093558185316579,0.00688588434771,0.025428906953647
284,-0.127581378269695,0.043053891020839,0.103815064519451
285,-0.09329977415268,0.09264880830417,0.077988903276506
286,-0.202659526192891,0.078477911710263,0.111977912730028
287,-0.129659398142993,0.054274483949831,0.068772125953036
288,0.006505018266564,0.006251922967741,0.095890243093232
289,-0.092941926178022,0.067956466881656,0.030784504322147
290,-0.091171970930445,0.005071434095896,0.062071828620177
291,-0.263166017647633,0.068457651531009,0.083541417713812
292,-0.101670447304107,0.072335640647785,0.016961062060019
293,-0.197902921465216,0.093173229383371,0.088748457848615
294,-0.188102712436292,0.000902569465529,0.114215608314465
295,0.026160195621293,0.059988005361582,0.102555613379964
296,-0.194130195867862,0.031579860337348,0.115501334562905
297,-0.139664452590991,0.076744158344237,0.128342099417778
298,-0.157435909010075,0.048513112291935,0.130118172998128
299,-0.0886020014066,-0.077479649863012,0.106925490322492
300,-0.006467265198841,-0.007408573423662,0.117246244093289
301,-0.071298266376791,0.09392470316878,0.103461233972547
302,-0.107374643089273,0.088033326842575,0.104104066447583
303,-0.196153586525679,0.034319451627076,0.078755050617894
304,-0.115492468520613,0.069869982651069,-0.013076588353815
305,-0.192115825257482,0.04634046166018,0.111130029899268
306,-0.097425618931295,0.036683258654779,0.104040529987954
307,-0.22795999277872,-0.08119343625589,0.1128220764759
308,-0.184146034857868,0.071364777553938,0.05428151389014
309,-0.273733740312703,0.062219055954431,0.054710976152248
310,-0.250954299968565,0.094232803131157,0.115467646442148
311,-0.003422498900393,0.060676551721623,0.004593251956175
312,-0.022739024750998,0.05283282468696,0.054082534026898
313,-0.014682338068333,0.086412159562785,0.107107101216781
314,-0.077988760107828,0.100658981543155,0.103522313076172
315,-0.167018843841653,0.05428971057884,0.092607002877727
316,-0.167724667384568,0.052630611198077,0.099355637021755
317,-0.207282450883973,0.101748405795567,0.075711502068612
318,-0.086184319072493,0.0685070260953,0.110660874975417
319,-0.122647031152635,0.101088844517869,0.056891722057986
320,-0.220736651089683,0.018587126421214,0.0839597834403
321,0.023771194751406,0.067574200569342,0.074464941878808
322,-0.046529874181923,-0.020347900226426,0.035851776047003
323,-0.101432101309147,0.031490738121107,0.053681045011743
324,-0.135631510931149,0.044860433093673,0.075682772422165
325,-0.131171643663914,-0.029499495617562,-0.018267930846782
326,-0.025239774953486,0.057054881895676,0.082870513062634
327,-0.320504467799676,0.060400909465188,0.105090302783603
328,-0.071788998810963,0.073605012947204,0.101075664862566
329,-0.282412923948074,0.075259194444322,0.105733030694464
330,0.019954404575732,0.05433801097152,0.096144405550539
331,-0.036718663415873,0.089804700343693,0.026590243940481
332,-0.037592250607712,0.086173166957507,0.089316473809789
333,-0.085870828124776,0.105379388041937,0.100442790177852
334,-0.095441246019257,0.092261462090053,0.087167974477708
335,-0.034164001414717,0.054629226873843,0.112815829604878
336,-0.020972606463201,0.052213558960382,0.106978597583955
337,-0.021550587252789,0.084020543292698,0.11749395615161
338,-0.264003813153834,0.108102738494322,0.052279706676127
339,-0.24007076125603,0.034551714313922,0.06180421816358
340,-0.096422646602882,0.091806335580002,0.115467287920804
341,-0.019293630784487,0.09261533589389,0.112188178867114
342,-0.190636653001109,0.078287387816088,0.11320306981433
343,-0.026280884244286,0.042438584186553,0.108516217814192
344,-0.150842585262183,0.07819458579175,0.098134273020238
345,-0.086230453800862,0.073250505523657,0.104835241366169
346,-0.201913861891586,0.079234696307115,0.103993431845626
347,-0.22273208460981,0.085655005568321,0.091370735697752
348,-0.111085644793609,0.079040835730466,0.098051323022872
349,-0.204796094761986,0.032102340447595,0.072247989592013
350,-0.168545625811659,0.082271325592492,0.098103297523692
351,-0.241023610943519,0.100188617154915,0.089325675621587
352,-0.013746741041764,0.091246097397949,0.010974953943395
353,-0.09383866636441,0.022228808405801,0.071736043410087
354,-0.089659139758084,0.063132551060997,0.07396815994008
355,-0.16020555945216,0.083913161385608,0.104264699809653
356,-0.124537556934462,0.037044959752118,0.10596699756177
357,-0.028976868171721,0.089891936380995,0.090122800557444
358,-0.140797348848379,0.02612417712468,0.106844496551424
359,-0.157930732423821,-0.058378577592666,0.107310663055875
360,-0.053196383610433,0.076704615125936,0.103034472201847
361,-0.109060532057104,0.090400173048031,0.026392213721565
362,-0.14721942289472,0.088212930071364,0.072941269667293
363,-0.139415265469519,0.088660593196926,0.080756286473191
364,-0.063467496266977,0.088271740558404,0.103122455869573
365,-0.190944594428738,0.089568637029498,0.10224489524921
366,-0.210554836182528,0.093353049413426,0.105366011437788
367,-0.147369722867542,0.094132513451462,0.104388152602574
368,-0.052365934365538,0.045310310116723,0.002700621592262
369,-0.077869125305708,0.068441700957919,0.106248139584883
370,-0.089208883669784,0.083904778148629,0.105655644384747
371,-0.159661007365241,0.089867012884942,0.106206927432664
372,-0.161345296135324,0.065868122716758,0.111585400497615
373,-0.089218435161643,0.086370347613635,0.108944079015348
374,-0.181748986171491,0.085583016317548,0.099908564336868
375,-0.10744664324729,0.020348677525804,0.037397784603265
376,-0.120438019452909,0.073054626848563,0.101211272253804
377,-0.058527500849808,0.072102370654474,0.103387423808178
378,-0.238757472008162,0.066263320947779,0.104758282882672
379,-0.219038245729457,0.084633646363979,0.098991355569378
380,-0.119684013272698,0.093959547448246,0.089224108653105
381,-0.158893906568663,0.088265997807501,0.102675092072779
382,-0.195359487909964,0.034755835658311,0.105853748422867
383,-0.186702757423283,0.087296343109343,0.103341270160026
384,-0.090026696794317,0.084403797395313,0.066013964980112
385,-0.248470780434454,0.084670906230413,0.107446356478201
386,-0.159516174924716,0.076530009957664,0.106024044201387
387,-0.18890040900414,0.084123266229883,0.083635695890052
388,-0.025828524166461,0.078152449372097,0.100390673236352
389,-0.101118259185707,0.084135661705896,0.11021551700219
390,-0.165959795508534,0.097951560568125,0.108054903248265
391,0.003200066141132,0.088851019997764,0.107749580099428
392,-0.109886021299448,0.087391505171809,0.10677297494468
393,-0.124736026181701,0.070175880859948,0.106416697599667
394,-0.075252825152501,0.081111291146204,0.107172509143513
395,-0.121099324983635,0.086996233253895,0.10715691630664
396,0.005179796921925,0.0628052048707,0.100129381877034
397,-0.061767061421086,0.083304969426332,0.071583966224142
398,-0.203276897328518,0.08729000612356,0.106465788682695
399,-0.096461666556458,0.031606322118919,0.108598069237836
400,-0.278187519003305,0.055571847210926,0.100765173050977
401,0.035709000543243,0.07280541627439,0.10389057611386
402,-0.164613915307276,0.04862730648234,0.102896596683158
403,-0.058705149769808,0.081826555325618,0.08647245207548
404,-0.043213195675818,0.077710500843907,0.094275329725861
405,-0.163191853051881,0.068984386326498,0.105699446419117
406,-0.272049212847618,0.092422618904773,0.105185609125558
407,-0.07098119243358,0.090659861551546,0.105110722901151
408,-0.250367086439379,0.090893979768823,0.104856805843397
409,-0.047194342172999,0.093560724971771,0.104975921583344
410,-0.126768983990415,0.093823740661311,0.099568056354097
411,-0.224004517518611,0.090124352291048,0.105799449280299
412,-0.211318882324899,0.088059834388781,0.100976477880121
413,-0.010950233657499,0.087154500042772,0.102990809988274
414,-0.081400033036733,0.085454037708,0.101662785194679
415,-0.112720486160721,0.079916969158614,0.102153538502844
416,-0.087256945384997,0.084021301983056,0.104837734915386
417,-0.15365913036486,0.083109228706613,0.105269714718523
418,-0.103715098508,0.083903953345974,0.111119081452498
419,-0.15695544413549,0.083429951454164,0.109480687045315
420,-0.120779878742678,0.084000378054048,0.107830189699298
421,-0.248490648275222,0.08288988295364,0.108379962493128
422,-0.23171640952643,0.057416238445821,0.107159959263429
423,-0.009552634239781,0.081615535707011,0.108555835199399
424,-0.08459990817407,0.08319433571961,0.106776972118092
425,-0.126993310204821,0.081892614450043,0.108134810872049
426,-0.258416144432434,0.082567601746413,0.108389898299273
427,-0.099582717249219,0.083432971700109,0.107428129147019
428,0.023111336858103,0.083044165160722,0.108630341835033
429,-0.276013951189509,0.08322223979263,0.106163792094864
430,-0.120001612520462,0.064148320929083,0.109516605172538
431,-0.158996834908119,0.082032292248647,0.10899267437864
432,-0.101865149365923,0.088239905226337,0.107241174500035
433,-0.126308769403183,0.086415904310719,0.099016121108416
434,-0.063472903435014,0.088142183079283,0.107003103456119
435,-0.155422299506391,0.08375366007874,0.108427911036882
436,-0.133215271190357,0.074005712324495,0.107871513563028
437,-0.248196463801244,0.088026333408221,0.10789463679152
438,-0.238257988600705,0.087141584287136,0.102169849250836
439,-0.076759052044264,0.086646796794419,0.104745493289206
440,-0.226977483143336,0.088577601716177,0.106243146720777
441,-0.223921739122022,0.086288991345626,0.104761870221904
442,-0.106315666449583,0.088381200870689,0.104122001370652
443,-0.112382633695553,0.088719007812848,0.105507935249068
444,-0.043067547832456,0.088694111255786,0.105259716341676
445,-0.144905366047592,0.08751373331408,0.105601844852206
446,-0.131230229513645,0.089015011827406,0.105542663014524
447,-0.094769219576446,0.088508629946302,0.106005316884194
448,-0.327452682314812,0.088819794696599,0.0655096032426
449,-0.165734116260582,0.088995992429496,0.103399940665124
450,-0.139250769094905,0.087897662443224,0.104372641701218
451,-0.199657615502632,0.088420122931129,0.106133132404283
452,0.020939011082152,0.088666986639045,0.104061290144421
453,-0.271249092210159,0.089827967554433,0.105890183129765
454,-0.174103219198062,0.092650109530111,0.105481876599469
455,-0.165118372187204,0.09626167295938,0.110514242930774
456,-0.086587485752313,0.088805804410279,0.108883089808085
457,0.015359962624099,0.089198406417472,0.107776341463681
458,0.02788392808592,0.089790824969815,0.106519957981377
459,-0.204443433080039,0.088457433608406,0.108187000894389
460,-0.127813133061655,0.090109455526123,0.108948011032442
461,-0.063674607133218,0.089745655797444,0.108707979731092
462,-0.143413842584683,0.09049174297787,0.107788410923779
463,-0.128703106972914,0.053647473597525,0.107913277158977
464,-0.133486545704466,0.086518477833968,0.109377572557384
465,-0.127647129378836,0.087693729359373,0.108123582450411
466,-0.096697174330617,0.087792193930347,0.106436837250659
467,-0.08567759506059,0.089369214106266,0.109371876152378
468,-0.225199713352028,0.089675128205663,0.106854339038758
469,-0.208131344623056,0.083958804775633,0.106763426213591
470,-0.312335403586659,0.082915408859282,0.107650589462241
471,-0.036150512011148,0.097606193648174,0.107697540483788
472,-0.298148882012643,0.091560660148552,0.108061190670805
473,-0.197746412002676,0.090215314078841,0.106735355125644
474,-0.113478269199618,0.089758492309854,0.101813964482471
475,-0.124525279316268,0.088815953717317,0.049437659285302
476,-0.217263504135149,0.08843955406435,0.099044685791318
477,-0.199488384601794,0.088988591808061,0.103039719166423
478,-0.203861293792367,0.087565110262213,0.104675258042008
479,-0.155185984629635,0.088996130125778,0.10497429179661
480,-0.044057728720162,0.089558154180956,0.105704195892187
481,-0.067904662331697,0.08903810082834,0.105758910404535
482,-0.195620834603648,0.083780633543424,0.106008959777654
483,-0.124347107198323,0.090210307393015,0.105345589461132
484,-0.078280331573636,0.08823853186712,0.105539623808364
485,0.012812137705904,0.089138535635293,0.085067005414703
486,-0.148948172789905,0.088558560890695,0.105383139960757
487,-0.11499753750708,0.08914061901349,0.106448664197957
488,-0.039081048878046,0.083371136484912,0.105250928229607
489,-0.183019541637276,0.083944562651471,0.111937069803658
490,-0.095714085523114,0.084413487141744,0.10718531579269
491,-0.190342970682712,0.044307475559298,0.109587074000646
492,-0.157618833064951,0.082643661581516,0.107398853543136
493,0.003586599017211,0.08421982053543,0.107816712652059
494,0.023314616806262,0.082998254711493,0.108605941321197
495,-0.086705089438143,0.092697607168962,0.107601610333226
496,-0.14076996632033,0.08159873867072,0.108333537479843
497,-0.115646993021447,0.082564502296233,0.109396505704578
498,-0.051576482079267,0.083606229281441,0.105834153751051
499,-0.044598351521779,0.086373183693335,0.108076747358705
500,-0.232484221164306,0.084605605840182,0.108893711554578
501,-0.284362970248758,0.083809959339412,0.107697953562981
502,0.008775514529811,0.089627081076259,0.105622460766215
503,-0.186384033739246,0.083367718620295,0.105897049283876
504,-0.042784659944317,0.082720760030307,0.105025214172395
505,-0.123639304161148,0.084604404340943,0.105203862881079
506,-0.185463873121135,0.084139535607204,0.104170031441709
507,0.006136823771349,0.082644516630422,0.104385592230713
508,-0.26214608735172,0.083852611307403,0.104518103454217
509,-0.222719047940644,0.083915124344084,0.104464173219419
510,-0.179001682296677,0.083643491844618,0.104278558374347
511,-0.27549316054741,0.084199671922723,0.102557444695509
512,-0.204646525781806,0.082953132132798,0.104055003609526
513,-0.112155753867425,0.083873012485489,0.103475311658322
514,-0.177295620758151,0.08296357655716,0.103756365213085
515,-0.24619705135401,0.08333931760955,0.104390156688505
516,-0.110102120548846,0.083932914107585,0.104032209968605
517,-0.149730182563605,0.08368603661672,0.103691227857636
518,-0.206764131433475,0.084888119260995,0.103996087989271
519,-0.209425622271322,0.082652853635568,0.104216554153065
520,-0.005916300490426,0.083539862744295,0.103182208763126
521,-0.16934911218884,0.083568072186127,0.104519117280939
522,-0.202801905714445,0.084443074051884,0.103782543903274
523,-0.264711175137692,0.084099195983824,0.102816373852279
524,-0.167050264912804,0.083613825792431,0.10442752684566
525,-0.159657458099091,0.0838290220622,0.104284059221089
526,-0.11922439488758,0.083459342977129,0.105152908064403
527,0.039286855792507,0.084141660743906,0.105163672587736
528,-0.198674854708853,0.08394831872984,0.104896299466937
529,-0.144927965238337,0.082706851488331,0.104488418389869
530,-0.023691134113289,0.084068932028991,0.10544784791944
531,-0.166507271710153,0.083551698157857,0.103839315548162
532,0.009703403307848,0.082576826867642,0.103335909835395
533,-0.093771459099479,0.083652805091289,0.105444472978152
534,-0.266810942630192,0.084324474971309,0.104969764818801
535,-0.158892347264409,0.084618484879231,0.103343403832162
536,-0.208397383407181,0.082548145262941,0.103979167712497
537,-0.071547933265511,0.083707627009048,0.104552927346497
538,-0.215466600604228,0.084262637246429,0.105143562218097
539,-0.102562986381532,0.083857370057377,0.104409083921147
540,-0.158096054352684,0.084968392361443,0.103790548409979
541,-0.160099488580032,0.083561910539535,0.103777804310912
542,-0.233536488043249,0.034707683059652,0.104525270235077
543,-0.177380363768271,0.08117596323519,0.104489904125919
544,-0.269977101600078,0.081505211158908,0.103312587274233
545,-0.191211788281966,0.082961434169901,0.104462778302455
546,-0.008162332707646,0.082997630185819,0.104380031010926
547,-0.175231140476202,0.083806934517873,0.103286863969877
548,-0.008940534500286,0.083181324065732,0.104286048856281
549,-0.078600361182456,0.083138157971379,0.103621794270293
550,-0.114356847690398,0.083361650967964,0.104733953836449
551,-0.232074078740175,0.08264618273263,0.103903060811052
552,-0.166549776539991,0.083632346755692,0.100404958194159
553,-0.184350537077943,0.082207759347518,0.103871758380955
554,-0.316276668536525,0.084922674292432,0.104983537396596
555,-0.197066001552174,0.08306416440641,0.104334998676446
556,-0.264791258423153,0.084202267036552,0.104023316680133
557,-0.034494651527475,0.084105280651138,0.105041129484594
558,0.011277277925025,0.084491223630869,0.104435635967581
559,-0.052476440619332,0.083474555496252,0.103538193724079
560,-0.21413174307839,0.084741863108251,0.104528353787444
561,-0.312957670691106,0.08411244422386,0.103874541697507
562,0.035150321116719,0.083585902548657,0.103483982659871
563,-0.17368402331344,0.08698012974582,0.104523188354428
564,-0.187519499317323,0.092727267509899,0.103297141272496
565,-0.004075665242509,0.085336259815668,0.104199086126355
566,-0.093019964641047,0.086102514380899,0.104898428774473
567,-0.033979226056478,0.028963586161169,0.104972233503733
568,0.011572397290523,0.097094251199378,0.104269885130005
569,-0.0112746629713,0.084084322764623,0.104485547618972
570,-0.176002013553915,0.083580589358203,0.103300108422692
571,-0.250697305568467,0.083352931970091,0.104148458489119
572,-0.077610461568088,0.083567031309723,0.106227777534662
573,-0.113441750524348,0.084416907899738,0.103800638137848
574,-0.109403638315125,0.08461147869411,0.103245826206606
575,-0.029724881489604,0.083786228314012,0.105364333530459
576,-0.238982900830013,0.099420956527825,0.103459941216227
577,-0.116568980419582,0.049463486182942,0.104027090578052
578,-0.071779580289512,0.083791987114415,0.104680962649011
579,0.058299696099656,0.083767128677545,0.10442904957269
580,-0.023979233746213,0.084702813224245,0.104346663561304
581,-0.18868056049131,0.082726947252957,0.104032236888575
582,-0.205755916875578,0.084769080773013,0.104269494385073
583,-0.175012374782103,0.084808197867097,0.103001004683464
584,0.055569205491291,0.083300324449093,0.103323123835162
585,-0.068216468005352,0.08390622369312,0.104632246753334
586,-0.175644654771239,0.08423483940568,0.104034708306511
587,-0.08283330760187,0.084406276897279,0.103397675301935
588,-0.115813887946171,0.082830898495272,0.103678597779368
589,-0.158004454441214,0.083973977478124,0.104634999953995
590,-0.199852155416509,0.083965201352868,0.10378746423077
591,-0.2299560167167,0.084031225483007,0.104042662576055
592,-0.111955628280608,0.084115630959447,0.103057396570066
593,-0.12870900019352,0.083550766957212,0.10455466338685
594,-0.174861450671352,0.083925081465172,0.104140911123902
595,-0.148216469723847,0.084343499162283,0.104775079116378
596,-0.065976380660878,0.083835392338671,0.103768340824078
597,-0.011050306823715,0.085195620565635,0.103285500353468
598,-0.173234021265506,0.083185630544578,0.103657237221977
599,-0.196781618122042,0.083594334994147,0.104875015373341
600,0.02445057342815,0.082921258041334,0.103326640017686
601,-0.13969002386824,0.083234112741814,0.104481808701477
602,-0.019968809716341,0.084895736939966,0.104699997012443
603,-0.182678335601844,0.084531794218937,0.103901278782175
604,-0.176581107631599,0.084494205544575,0.102546338918641
605,-0.186006783918755,0.073715092315823,0.103798666460858
606,-0.18342127764936,0.082896412641453,0.105575165850694
607,-0.265590069826581,0.083663911676817,0.104276110949749
608,-0.382020285381546,0.08205267942663,0.104844387656172
609,-0.078558779200569,0.084042124180736,0.10444352136138
610,-0.136088935978195,0.082349475055771,0.104119063197012
611,-0.048523846360764,0.083313790987458,0.104492233003845
612,0.028396389357458,0.083867092214624,0.104720452459138
613,0.032304411948587,0.083924281688875,0.105735116661157
614,-0.235762661279792,0.084164796360351,0.104344047966888
615,-0.183842001296764,0.082362851503603,0.104017691204855
616,-0.206269547370248,0.083120343744587,0.104927923803535
617,-0.13904840619256,0.096931885144851,0.103905003804301
618,-0.093385317573138,0.084815698430937,0.103861896690369
619,-0.127355617339944,0.085430565326073,0.103203699442209
620,-0.108445560493673,0.083810570104789,0.104759934659191
621,-0.131620509210438,0.084292871532498,0.104152636730384
622,-0.092139865252184,0.083836663335434,0.104262186150449
623,-0.251794350665453,0.083240325538395,0.103652440166247
624,0.043172864168608,0.084823294621388,0.103909987411038
625,-0.080503786973964,0.083855278706458,0.103842608359684
626,-0.187067293665632,0.08363537229524,0.104015432266712
627,-0.325289238944488,0.083418186112396,0.104498602437332
628,-0.199896314696728,0.08370330388928,0.104333575893195
629,-0.186322133189229,0.083904061768467,0.104599156527315
630,-0.014340895373718,0.08326305459424,0.103916671657228
631,-0.191727845964359,0.084150486593721,0.103407784772101
632,-0.055468187495119,0.082977750366911,0.104274963225378
633,-0.209301672060637,0.083520639572404,0.10492404620527
634,-0.010452456297479,0.083482749992063,0.103375962003906
635,-0.177785949839082,0.084173058809363,0.104240539554104
636,-0.047896555184857,0.08336892680865,0.103682314559299
637,-0.168403637958322,0.083755987303325,0.103131347736581
638,-0.160308611843968,0.083804149556827,0.104430876467752
639,-0.073997409303814,0.083729833886241,0.103543831756537
640,-0.009171174966731,0.083947563896662,0.102969535499148
641,-0.074711764418531,0.083290249412458,0.104368061986258
642,-0.023598488465684,0.082927920753582,0.067921419830844
643,-0.152316655898606,0.084093754133372,0.103757170861545
644,-0.230213517964701,0.083811074177322,0.071903145923233
645,-0.197384421120406,0.083752525742422,0.107092411130551
646,-0.14925541434035,0.084046686573906,0.104926153534623
647,-0.189199022920543,0.084044699389962,0.104076710122638
648,-0.023822448804495,0.084467137112848,0.106702866892838
649,-0.118386077653068,0.082794659905718,0.106051720530152
650,-0.034817996371728,0.083576161181765,0.104026075977341
651,-0.1995077237841,0.083605162848543,0.104623502630838
652,0.032297807980632,0.084525942466269,0.103889901743676
653,-0.186738993722478,0.082899211346608,0.104711447663778
654,-0.194102256630656,0.084301649530719,0.097844519112838
655,-0.231413744162024,0.083775268426189,0.071758210358933
656,-0.111221926171495,0.083037606109043,0.104773884048659
657,-0.070027902794895,0.083614855736649,0.10519605140284
658,-0.117756968944827,0.083638205850206,0.104119063490116
659,-0.27308794046295,0.082775878816194,0.103159431305515
660,-0.034287226759471,0.084695244731996,0.103141506260026
661,-0.042955140993927,0.083090150414789,0.104120566875426
662,-0.060232389549832,0.084206586862125,0.103405808485263
663,-0.296562525538369,0.082388070277106,0.104206807597696
664,-0.193093948552108,0.084521635798121,0.103042945161806
665,-0.200689982147867,0.08299077883185,0.105060807490927
666,-0.165001777429388,0.082936782476488,0.103641347609273
667,-0.26869557175366,0.083497205615081,0.103945984231347
668,0.05620150818816,0.084232907213752,0.103835463920013
669,-0.164575219043611,0.083778678261368,0.10396574106805
670,-0.231882053678994,0.082608277910407,0.103399036999422
671,-0.052445384263078,0.083231107744016,0.104214069777414
672,-0.094526008413283,0.084717490592916,0.103809209657564
673,-0.146468039209284,0.082943043449744,0.103729036393809
674,-0.074416367587886,0.084308278594585,0.104283596948158
675,0.002985997160689,0.084023728285765,0.103983641979154
676,-0.022709075010339,0.083643957794195,0.105340654426054
677,-0.245187212181585,0.084569039478964,0.105232053591364
678,-0.100954503468963,0.083657545639569,0.104049129412452
679,-0.03542833649177,0.083837862272552,0.103603622677833
680,-0.089855089345776,0.084522376636732,0.105200287061981
681,-0.135946664319428,0.090477177148556,0.104446368657345
682,-0.172693244159845,0.083417448494034,0.103976315292429
683,0.004608468541134,0.084248088771142,0.105092483156448
684,-0.093768659793049,0.084558515876515,0.105261867115209
685,-0.358203347369849,0.082912458810902,0.106381236204863
686,-0.07636664599341,0.084171088277326,0.104516597189603
687,-0.062939472103421,0.082700218979418,0.098148777668026
688,-0.180710583204198,0.08439144245831,0.104211738759327
689,-0.165029148698418,0.083036889728622,0.104418488549098
690,-0.122830738165954,0.084288435424353,0.103824381787417
691,-0.109129849439396,0.084799260697452,0.104263268217775
692,-0.029210924360375,0.083840090207674,0.105361814708103
693,-0.150669825084711,0.083433311913566,0.104073554191027
694,-0.098693389627693,0.083688845000606,0.104187940261361
695,-0.234839107974043,0.084548715204512,0.104647928958879
696,-0.274547091327441,0.083437128506969,0.104686652748199
697,-0.139009298300925,0.084125969363844,0.104361811159495
698,-0.029872308146365,0.047539346470001,0.104181093291343
699,-0.221430367853547,0.081937919650531,0.104773997825169
700,-0.13578560676736,0.083202888045948,0.103123585343112
701,-0.017511410214487,0.082999000241233,0.104622854777326
702,-0.151178014091102,0.083985407061703,0.103204596801763
703,-0.357073241345988,0.082604568769159,0.104014194799552
704,-0.230674154699427,0.082413972210863,0.104403228633353
705,-0.032150349311514,0.083343379824079,0.104373399052013
706,-0.155870288394777,0.084072450705321,0.103399492291355
707,-0.285941749309745,0.084146143508605,0.103707289639079
708,0.071015612109859,0.084010537207467,0.104167938834266
709,-0.114204903800074,0.082345293631647,0.10316581121318
710,-0.060197513186236,0.083705657106502,0.104370232725015
711,-0.233493069034674,0.083525956215066,0.103789831487114
712,-0.129833027098897,0.083466808615224,0.090289075126917
713,-0.025421602587179,0.082708480804505,0.104420898954756
714,-0.259977879567052,0.083760490422222,0.104867874085932
715,-0.16939571824273,0.084469590091239,0.104106626502733
716,-0.143173389140061,0.084060208896958,0.106275444277583
717,-0.127148418083555,0.091478581707824,0.104345080980688
718,-0.224370801345015,0.085371772324918,0.104268639580931
719,-0.148561225241631,0.084873458699194,0.104606276768749
720,-0.210398602794149,0.084868301449144,0.104093075411583
721,-0.154709233370653,0.083775209064649,0.105111591996095
722,-0.137056398991564,0.084202413603395,0.104189219645378
723,-0.0895693605239,0.067672648175552,0.104840997780825
724,-0.049055605529509,0.083822759259063,0.103369791127168
725,-0.082664766220652,0.083792047298355,0.104694728830113
726,-0.015730064097738,0.088538024919377,0.105610685871272
727,-0.102223017976262,0.084304389894958,0.104324591682409
728,-0.052788519819227,0.084843720148847,0.104752349500742
729,-0.146571812475893,0.083168807148009,0.10510546903867
730,-0.040177562853094,0.083092982187323,0.105164924499951
731,-0.284869756209191,0.083664825370862,0.103654360089711
732,-0.192533502296268,0.08420521668939,0.103359325569448
733,-0.04887361217104,0.084466229590569,0.105420723511212
734,-0.09210574126457,0.083689578248575,0.104911156580957
735,-0.098395620643217,0.08415917016438,0.104452859684469
736,-0.199420859150431,0.083734640285705,0.103184148027558
737,-0.23874008040846,0.083631858531086,0.106466682383827
738,-0.077004730672771,0.095610230537291,0.105110937326751
739,-0.13683079029793,0.089738709489424,0.104844863182374
740,-0.034042658691933,0.085825335084255,0.103986082077232
741,0.0360693758026,0.083576583861659,0.100597276667151
742,-0.201232718654162,0.084082211374329,0.101746205602585
743,-0.144226849473217,0.08322195099615,0.101226091085766
744,-0.038396833032514,0.083632884527229,0.10246844315981
745,-0.170549575894726,0.083645057859244,0.101354094077661
746,-0.27657627237153,0.085278935442873,0.101282169030818
747,-0.160962074484765,0.083409361276902,0.102040704592563
748,-0.135626804329595,0.084110701579561,0.101990581060544
749,-0.222209981355038,0.10255125562643,0.102182269576722
750,-0.118629841905551,0.087116317988594,0.101762611347614
751,-0.263668708574523,0.085645612537729,0.101200668620052
752,-0.224874400046791,0.083494862537588,0.102566743580107
753,-0.104589793476881,0.083226302443176,0.101062442358329
754,0.008180165435951,0.083167486345809,0.101661864455564
755,-0.189493115928554,0.084077698177506,0.101761502258848
756,-0.236647818358312,0.082733332808627,0.101705702160054
757,-0.18012820229066,0.084428939597842,0.102954548356362
758,-0.136372863084481,0.084456881648709,0.103949163475325
759,-0.147868224788655,0.082335891858314,0.103204829762023
760,-0.094526226433166,0.083343290622926,0.10440655173382
761,-0.152212890997322,0.084808850184441,0.105161963117575
762,-0.186076184550372,0.083843153261974,0.104737338316908
763,-0.145247774698392,0.084617859349786,0.103651156433738
764,-0.155695946534224,0.08288331109513,0.104663978216493
765,-0.133315253963647,0.084331836611706,0.105137799347362
766,-0.115654366131782,0.083759340725568,0.104690637155599
767,-0.156322720523494,0.083040662057951,0.1049945906059
768,-0.160430790595876,0.085518178875204,0.104585292563725
769,-0.14897950284797,0.086976058250248,0.105219279347718
770,-0.12034951614701,0.086646135688114,0.103774104036843
771,-0.065548099161901,0.085502975520063,0.105486362824441
772,-0.160457504192554,0.076312806708904,0.104652978835067
773,-0.214556684147779,0.08515452152549,0.102563537681612
774,-0.155766703470114,0.08388215635662,0.104271346455778
775,-0.027299897368303,0.085236189309469,0.104406083752092
776,-0.153183330749239,0.083704051559268,0.106029403205079
777,-0.179247639106575,0.083099309306872,0.103902949308519
778,-0.066778983585569,0.084313489226975,0.104141620909056
779,-0.198558176007119,0.084471236262115,0.103118950316224
780,-0.209196673779067,0.083700952249917,0.103237464916856
781,-0.201860674901199,0.083229875825726,0.10214880681135
782,-0.079819897312215,0.083709593027149,0.102033422756546
783,-0.282293076422911,0.08438414700509,0.101676179926071
784,-0.191804978662824,0.08398548175575,0.101385853641603
785,-0.230386804177273,0.083243150217358,0.099102660107661
786,-0.029947365132463,0.084790961027857,0.102380977485568
787,-0.205582299325831,0.083525596515646,0.102626855755555
788,-0.015701134906962,0.083961672621718,0.1022462855457
789,-0.174500869781771,0.084428410179755,0.101915604081046
790,-0.025940117030604,0.082876800211575,0.101796468908065
791,-0.005799187578695,0.083439598038724,0.101862991217417
792,-0.180892429426878,0.084083455160322,0.103487965529273
793,-0.05112372320926,0.084078275812218,0.100503796626965
794,-0.269344495876481,0.08333549357385,0.100774642742788
795,-0.153140931923895,0.083824049281151,0.102431685344428
796,-0.106516307482867,0.082650483236134,0.102557047952698
797,-0.067914746196492,0.083964836708969,0.102319856170546
798,-0.179100342129647,0.083628614533059,0.10211402453041
799,-0.024884352140302,0.083418675798962,0.102552198175276
800,-0.132366281475148,0.083811570941407,0.107110900368172
801,-0.313124774624728,0.083423344704574,0.105165491116933
802,0.005308579901046,0.084285304277625,0.104875186533968
803,-0.240933412466513,0.084673097030902,0.105395621735758
804,-0.195035973269752,0.082988506932173,0.106397585828052
805,-0.23028660012129,0.084234211274821,0.103916680445539
806,-0.139842348124108,0.082679073279447,0.1047560320307
807,-0.058521147793192,0.083708780451397,0.105870166264905
808,-0.285659090979204,0.083889860282983,0.104042107624928
809,-0.17460579400401,0.084323178534017,0.104549891262687
810,-0.072441097820604,0.084694905653528,0.105543068140595
811,-0.351917256362369,0.074301111551854,0.104737964022514
812,-0.135038595065235,0.083551445336381,0.104652164963531
813,-0.239890769497669,0.08292957562199,0.105286194771276
814,-0.270905537727469,0.083467962217407,0.104444297346082
815,-0.161181203520727,0.082603697026639,0.10573296690703
816,-0.115807029079205,0.082748469560056,0.104932549212815
817,-0.04953189880332,0.084120680699047,0.104957621033345
818,-0.171844788982955,0.08477959094547,0.10309238550425
819,-0.120964796655712,0.084544724996879,0.104166253065751
820,-0.057681436241943,0.083566127351712,0.104128264793071
821,-0.244979600857774,0.083013007980425,0.103514103194618
822,-0.19231197175013,0.089545824757399,0.104386990571286
823,-0.159094138020029,0.082772854838344,0.104876530891257
824,-0.11592931542406,0.083330520373803,0.10516149394122
825,-0.219043006197409,0.083463625399768,0.106123107108829
826,-0.232916599841358,0.083405603480173,0.10315054775793
827,-0.148100206049499,0.082760333928482,0.104414319750331
828,0.054235082736843,0.085257810507221,0.104918674758243
829,-0.160635219131827,0.083239289792035,0.103133634921328
830,-0.017173479246164,0.083947470852371,0.104366055686835
831,-0.224133019645785,0.076995539980253,0.08207834642651
832,-0.096579779204642,0.08330558865322,0.10541137777138
833,0.01791961327821,0.083327903496264,0.103908923744175
834,-0.021346264353189,0.083358847406479,0.104466389992496
835,-0.152108849400974,0.084248479739903,0.103995347267387
836,-0.261014639565446,0.083598014765062,0.105179911615679
837,0.05969694517701,0.08353554625307,0.104276353254454
838,-0.070174840715281,0.084441523692004,0.103007124809134
839,-0.158151234128017,0.083944642133674,0.106243254338045
840,-0.180884722671758,0.083634880272643,0.105555075990113
841,-0.239778703559945,0.084076272938544,0.105379190201662
842,-0.188099501770906,0.084084605715411,0.104717042970411
843,-0.116824422905784,0.083212948890628,0.106798482591526
844,-0.041362522992614,0.083360056584186,0.103844729113003
845,-0.191317148097891,0.092178436970098,0.104906373329205
846,0.018544886958888,0.085110966178683,0.105127303421646
847,-0.079253385345264,0.083543546050399,0.104139027138638
848,-0.000218152060075,0.087742645726906,0.105529352655345
849,-0.181369423210712,0.083406814569561,0.104765927668391
850,-0.171126719069783,0.083584186936109,0.104154338878745
851,-0.214246975204189,0.082824794743878,0.105122401604378
852,-0.177576595745179,0.085080669297164,0.105179573573563
853,-0.190823161562444,0.084209291787742,0.104672751832153
854,-0.117716518196748,0.083651005090413,0.103716100952785
855,-0.050230949648808,0.08401516206474,0.104386285540851
856,-0.133527585837331,0.084282258774519,0.104076880086664
857,-0.126733614715031,0.083262426900978,0.104001259707395
858,-0.206786348971344,0.091020603230119,0.104087137342925
859,-0.320977451732565,0.08334769143315,0.104787346379696
860,-0.116228904297044,0.084577507705229,0.10354111090153
861,-0.074410561556459,0.083508796882272,0.102581772099168
862,-0.095237046373441,0.084166364840614,0.10379204622974
863,0.037724417600776,0.084074483371888,0.104060258780806
864,-0.204975306696368,0.084177567085898,0.093379736428687
865,-0.203562265200746,0.083256402080236,0.104663502923007
866,-0.253406843330883,0.083379689367421,0.104228070571244
867,-0.157227913126755,0.083949708872178,0.105418714928372
868,-0.132565664869934,0.083180652704444,0.105609124875621
869,-0.231762622655168,0.084583474486964,0.105395335417091
870,-0.082717730644563,0.083584427057754,0.10585617158801
871,-0.10744882528107,0.083476662364329,0.104105920943148
872,-0.069762052072184,0.084659844119016,0.105413398110617
873,-0.166953313921247,0.083449145520352,0.105467055792571
874,-0.177686409987547,0.084878987455072,0.104367348119595
875,-0.21881392168189,0.083752130391056,0.104806564534669
876,-0.151063208943051,0.084966601725154,0.106159273961779
877,-0.01231414403401,0.082698634365251,0.104416749575983
878,-0.223397554746075,0.083840770303324,0.103957317048901
879,-0.124574134919844,0.083166242575079,0.104363268231779
880,-0.027023402346766,0.084036533796888,0.104937220477317
881,-0.130320038367774,0.083652291318425,0.104964462355415
882,-0.168532330661165,0.083211680971991,0.104120959165165
883,-0.07037882388751,0.084274961613998,0.105890252387601
884,-0.095704185238908,0.055797591661873,0.105050587987798
885,-0.250144107482829,0.082791549574303,0.10362712345769
886,-0.223536542788277,0.082397121886344,0.102951995372381
887,0.041726371438299,0.081393029956373,0.105077596701745
888,-0.057850920852907,0.082453521870378,0.104330349958653
889,-0.175152764955442,0.083719437766328,0.103128859054933
890,-0.149947967808151,0.082634633371002,0.104910750575852
891,-0.128223237212829,0.082976339720291,0.104481289454119
892,-0.193636529249601,0.08356483670732,0.104307976774951
893,-0.087654525914778,0.082000997638707,0.10441420443867
894,-0.157614579986996,0.083379520107385,0.10493471938052
895,-0.145139484100885,0.083833783586886,0.104081436041938
896,-0.096459856232733,0.091802947017805,0.103941404600481
897,-0.158436265660228,0.084058254850354,0.104155154579953
898,0.023263766322987,0.065377076509364,0.104155585837671
899,-0.178608224645473,0.082586101806003,0.104145372904799
900,-0.164432347816929,0.066220630793248,0.10567393519038
901,-0.06069024943553,0.097232384220164,0.105572713869448
902,0.010595706225493,0.084045759387744,0.105451929447383
903,-0.193736605045812,0.083997360451336,0.104562938383342
904,-0.07912313078239,0.083149335578272,0.105281545203309
905,0.013536407951178,0.084438116079031,0.10451184908406
906,-0.22343302479447,0.083919949429656,0.10509608838953
907,0.060354044350416,0.083999902943933,0.104206380409144
908,-0.247281409740202,0.083113741957404,0.106139541736876
909,-0.155560272222662,0.083067549674152,0.105425996480639
910,-0.186620607488816,0.083650187144116,0.103782194544574
911,-0.156743686183017,0.085305856823901,0.105850127885326
912,-0.19612918914659,0.052818002297847,0.105607113212234
913,-0.041780447066275,0.083945594393305,0.103373979572494
914,-0.17623257974906,0.083935427069419,0.104193241186221
915,-0.088293472862689,0.082486976494977,0.105918902060194
916,-0.113443386600795,0.083590660384646,0.102886245309217
917,-0.283337601392082,0.084670557908224,0.106685293775844
918,-0.12916427344056,0.083699090869577,0.104000461459777
919,-0.158223145737672,0.083589161130349,0.105589054773698
920,-0.137807331406853,0.077778037013323,0.027814379704369
921,-0.129919965932476,0.084656254753608,0.107968034432176
922,-0.036637078078342,0.083887780275732,0.107154477608838
923,-0.113861436248394,0.085608449991192,0.105831032435208
924,-0.108546072469869,0.083755490345348,0.105569153225464
925,-0.17009962165917,0.082961733948731,0.104726548402516
926,-0.013579222772645,0.089105888504749,0.104440423323559
927,-0.113274108264978,0.083642741896714,0.10558507218424
928,-0.077387911652077,0.08356996962793,0.104439556198309
929,-0.03288831769637,0.082936875416159,0.104988705730121
930,-0.12520853273606,0.083130995595909,0.105336291370191
931,-0.144914175266208,0.083579736425949,0.104362156541437
932,-0.15680699188463,0.015642945171619,0.104482495948528
933,-0.17041405980457,0.082259501484577,0.106162789058407
934,-0.277696470478942,0.082488275969861,0.104152226044511
935,-0.23564931923182,0.084522340861805,0.105228313932929
936,-0.164334707297714,0.084469702524018,0.10559363360888
937,-0.258890869102767,0.082595391544618,0.086640632804447
938,-0.129162463628799,0.083357976514406,0.090828052782038
939,-0.043994766995937,0.083940880511998,0.109631936308815
940,-0.048131266621164,0.08372729060756,0.103805286590969
941,-0.211659832480554,0.084569471972011,0.104767674772593
942,-0.194283570905815,0.083811715950641,0.095807992347334
943,-0.189653008747233,0.084504915483784,0.105697143038921
944,-0.165003904298205,0.084077988866434,0.103588543448329
945,-0.009305444059902,0.083741411426111,0.104276789992628
946,-0.061896682926254,0.083612603667535,0.103640758888136
947,-0.170994283574187,0.084902976419126,0.104661641626308
948,-0.038736079064101,0.083674020896258,0.104000557131171
949,-0.161429922962397,0.082889866262875,0.104067686356517
950,-0.087202056809644,0.075168635190095,0.103954590611615
951,-0.131966907475185,0.081571972546581,0.107123253015353
952,-0.197647748549854,0.074759007540979,0.104170712129581
953,-0.055686534606563,0.084629282139539,0.105128877598814
954,-0.274386240307823,0.083030407472713,0.104679976071685
955,-0.182535229164974,0.014614066455891,0.102876207241486
956,-0.122268541227615,0.081453347760653,0.10449456429616
957,-0.313624055374185,0.082958650368848,0.103985335994829
958,-0.167920760755981,0.084175197933746,0.105608765847552
959,-0.092535496370516,0.001155619443143,0.104388378482021
960,-0.161556414106544,0.080252185783464,0.104397304305946
961,-0.082243845314658,0.080860502326043,0.105190850376128
962,-0.060471535208082,0.080697010451798,0.103906295426562
963,-0.131609833769674,0.080929841786271,0.10543440475728
964,-0.117072788293603,0.040703880324713,0.104265495740782
965,0.020129204483367,0.079880892622201,0.106110610378259
966,-0.167779570673335,0.081539967537273,0.104588234519576
967,-0.112965332373561,0.083527568239802,0.104256590813
968,-0.036716721980998,0.083365167558358,0.105434772331834
969,-0.25272281564513,0.083376633487039,0.104052591476022
970,-0.125797071459164,0.084440066671433,0.103171533581346
971,-0.084174490833402,0.083095486184635,0.105659352447525
972,-0.018065354165362,0.084454487512346,0.104615465971313
973,-0.112910066412663,0.083397457618672,0.096227088245886
974,-0.158135721271796,0.089083303612719,0.105304665092776
975,-0.211815792132339,0.083913926967527,0.106024426671402
976,-0.069448201473249,0.084152110556267,0.103966490767382
977,-0.25987681404226,0.083599236572713,0.105301491598739
978,-0.277994441180551,0.080611481585104,0.104858757884354
979,-0.192826488079443,0.084449608838852,0.106608252642929
980,-0.242029149720634,0.083284791770095,0.104669026542144
981,-0.128353819740076,0.083849920425918,0.104345898026743
982,-0.156612498792162,0.083851196337117,0.10535182247946
983,-0.112858970753082,0.083321250619692,0.103514656321622
984,-0.066401793421725,0.083515186626828,0.105024787951715
985,-0.23091818315391,0.082797565461157,0.106330942361472
986,0.021338608271092,0.083924751123082,0.102653790177207
987,-0.194694116725819,0.083427374932157,0.104938070268998
988,-0.211348549323638,0.082577942768165,0.10427932025707
989,-0.038993499904295,0.083981025349947,0.103474606816941
990,-0.150808064527792,0.083820474469518,0.10481421264455
991,-0.186491221266715,0.084701689855841,0.103446035619147
992,-0.13648023698766,0.08405057170038,0.104447554051132
993,-0.152097055305349,0.083207035475036,0.104841920293192
994,-0.217956069393133,0.084160090157916,0.102936909900951
995,-0.166074561875446,0.084289586053632,0.103945596020705
996,0.029708510538788,0.083974659493261,0.105386650398508
997,-0.238882248670269,0.083500288790891,0.103457068467057
998,-0.142813197794204,0.083877899847051,0.106037104946474
999,-0.229240694976038,0.08374921886258,0.10582398949338
